{"cameraMode":{"drawMode":0,"name":"Shaded","section":"Shading Mode"},"sceneLighting":false,"audioPlay":false,"sceneViewState":{"m_AlwaysRefresh":false,"showFog":true,"showSkybox":false,"showFlares":true,"showImageEffects":true,"showParticleSystems":true,"showVisualEffectGraphs":true,"m_FxEnabled":true},"in2DMode":false,"pivot":{"x":1.8013687133789063,"y":0.19984489679336549,"z":-2.248983383178711},"rotation":{"x":-0.22683598101139069,"y":0.17764323949813844,"z":-0.042119983583688739,"w":-0.9566724896430969},"size":0.7927674651145935,"orthographic":false}