{"cameraMode":{"drawMode":0,"name":"Shaded","section":"Shading Mode"},"sceneLighting":false,"audioPlay":false,"sceneViewState":{"m_AlwaysRefresh":false,"showFog":false,"showSkybox":false,"showFlares":false,"showImageEffects":false,"showParticleSystems":false,"showVisualEffectGraphs":true,"m_FxEnabled":true},"in2DMode":false,"pivot":{"x":0.00353085994720459,"y":0.8529790639877319,"z":0.12045836448669434},"rotation":{"x":-0.2638377249240875,"y":-0.002608236623927951,"z":0.0007134538027457893,"w":-0.9645651578903198},"size":1.3408933877944947,"orthographic":false}