{"cameraMode":{"drawMode":0,"name":"Shaded","section":"Shading Mode"},"sceneLighting":false,"audioPlay":false,"sceneViewState":{"m_AlwaysRefresh":false,"showFog":false,"showSkybox":false,"showFlares":false,"showImageEffects":false,"showParticleSystems":false,"showVisualEffectGraphs":true,"m_FxEnabled":true},"in2DMode":false,"pivot":{"x":0.07655191421508789,"y":0.7258700728416443,"z":0.21335560083389283},"rotation":{"x":-0.2638377249240875,"y":-0.002608236623927951,"z":0.0007134538027457893,"w":-0.9645651578903198},"size":1.3235044479370118,"orthographic":false}