{"cameraMode":{"drawMode":0,"name":"Shaded","section":"Shading Mode"},"sceneLighting":false,"audioPlay":false,"sceneViewState":{"m_AlwaysRefresh":false,"showFog":true,"showSkybox":false,"showFlares":true,"showImageEffects":true,"showParticleSystems":true,"showVisualEffectGraphs":true,"m_FxEnabled":true},"in2DMode":false,"pivot":{"x":0.8172938227653503,"y":-0.5546088218688965,"z":0.6159128546714783},"rotation":{"x":-0.19583168625831605,"y":-0.19792494177818299,"z":0.04039110243320465,"w":-0.9596105813980103},"size":1.4041039943695069,"orthographic":false}